{"_wandb":{"runtime":75},"_runtime":75.044970395,"step_loss":4.037962913513184,"lr":2.3624235686492496e-08,"_timestamp":1.7741952308824456e+09,"_step":71}