{"_timestamp":1.7741954864426775e+09,"_step":90,"_wandb":{"runtime":88},"_runtime":88.5192333,"step_loss":1.7330986261367798,"lr":3.057254030016676e-08}